{"cameraMode":{"drawMode":0,"name":"Shaded","section":"Shading Mode"},"sceneLighting":true,"audioPlay":false,"sceneViewState":{"showFog":true,"showMaterialUpdate":true,"showSkybox":true,"showFlares":true,"showImageEffects":true,"showParticleSystems":true},"in2DMode":false,"pivot":{"x":27.162738800048829,"y":-44.14301300048828,"z":8.426793098449707},"rotation":{"x":0.3112187683582306,"y":0.6315703988075256,"z":-0.3069540560245514,"w":0.6403444409370422},"size":88.33577728271485,"orthographic":false}